variant,ate_m,ate_median_m,ate_coverage,ate_all_m,ate_all_cov,tracked,failures_per_traj,keyframe_rate,train_reward,train_valid,train_fail_per_1k,steps,minutes,d_ate_%,d_ate_all_%,d_tracked_pts
heuristic (SVO rules),4.375093267317887,1.414452161658506,0.5264452960342831,4.811526068026395,0.7585871451951567,0.7609235937932874,9.666666666666666,0.32361334527103097,,,,,,124.87084190407015,7.950286770869276,4.589592807176501
baseline,1.9456027425664641,0.16370283885363165,0.2979921208349107,4.457168398486182,0.713859441422457,0.7150276657215224,12.833333333333334,0.9997688395746648,0.0010430358815938,0.7786666666666666,12.666666666666666,21000.0,0.7606494863828024,0.0,0.0,0.0
augment,2.0117341933474147,0.04427880192342325,0.178785917302563,2.3756039977086587,0.5609513849341791,0.5656479529446052,18.166666666666668,0.33542959077578455,0.0008685060893185,0.7616666666666667,12.0,21000.0,0.8251859347025553,3.39902125619518,-46.70149778241493,-14.93797127769172
critic_horizon_5,2.135630803498102,0.02098839510768015,0.22419960392006763,2.405649461528513,0.5285127936539783,0.5361417578191505,19.166666666666668,0.5308717714471971,0.000830732169561,0.7803333333333333,15.666666666666666,21000.0,0.7575643022855123,9.767053508619654,-46.02740470058165,-17.888590790237192
extra_obs,2.246524932452908,0.01441434230125455,0.10271641598856183,2.217450244366963,0.2426341890120051,0.2561681950733526,30.833333333333332,0.0,0.0007216036319732,0.7403333333333333,13.666666666666666,21000.0,0.6963621656099955,15.466784832421368,-50.24979883820207,-45.88594706481698
failure_penalty,3.9793359289191,0.1783116370991803,0.4407759951178361,4.590280365016953,0.7581188721536666,0.759287096452732,10.0,1.0,0.0006333185592666,0.7433333333333333,16.0,21000.0,0.7789198517799377,104.52972448373085,2.9864693148228416,4.425943073120953
frame_stack_3,2.315388903047578,0.1340037386770348,0.10769680567479752,2.321186536393078,0.31412198893034676,0.32028251257485657,27.0,0.046444793392982735,0.0008227766957134,0.679,17.666666666666668,21000.0,0.7099214514096578,19.006252015934418,-47.92239536694557,-39.47451531466658
gamma_0.9,3.775656337410524,1.8638035776319875,0.5677441937617614,4.072365097745201,0.7848096828673135,0.7859779071663788,9.0,1.0,0.0010510222055017,0.784,11.666666666666666,21000.0,0.7917200525601705,94.06101023634547,-8.633357915569771,7.09502414448564
gamma_0.99,2.822213037373675,0.6056581669652883,0.461743670966174,3.8185049479985955,0.7925696231343003,0.7956848879318081,8.166666666666666,1.0,0.0010845012729987,0.7983333333333333,10.666666666666666,21000.0,0.8275612513224284,45.05597548916205,-14.328905560411405,8.06572222102857
keyframe_paper,0.07533616863757735,0.0187218753709824,0.033736347200262015,2.2747979734902004,0.24837508584616916,0.265370429485082,27.833333333333332,0.0,-4.187258582533104e-06,0.3966666666666666,43.0,21000.0,0.5796057979265848,-96.12787508007928,-48.96315844241368,-44.965723623644045
normalized_error,3.652084206190647,0.6056581669652883,0.513991732981678,4.4330911900761025,0.809468847940502,0.8125841127380097,7.833333333333333,1.0,0.0010708008194342,0.779,12.666666666666666,21000.0,0.8116788188616435,87.70965553703661,-0.5401906829065971,9.755644701648725
rotation_reward,1.514284421690844,0.3568970924677124,0.31182005909758453,2.1484314715143236,0.7180647254533007,0.7192329497523661,11.5,0.9229213991891448,0.0001082593589671,0.7526666666666667,15.0,21000.0,0.7652530193328857,-22.16887915704024,-51.798288073566845,0.4205284030843637
threshold_action,0.25527336261276196,0.0754725997606475,0.10719091278073022,2.765923727018445,0.5919278694625744,0.5942643180607051,16.833333333333332,0.1242816090760877,0.0008081920677796,0.7163333333333334,13.666666666666666,21000.0,0.6858409643173218,-86.87947148573463,-37.94437455049143,-12.07633476608173
