reward,k,mean_after_kf,mean_after_no_kf,diff,effect_size_d,n_kf,n_no_kf
absolute (authors),1,0.0012587185923213476,0.0012894181660798912,-3.069957375854363e-05,-0.021341374613827315,1731,3995
absolute (authors),2,0.001268918426994927,0.0011684473450210618,0.00010047108197386518,0.06153805945325421,1749,4018
absolute (authors),3,0.001241127897752047,0.001062037292848917,0.00017909060490313,0.09760683298409749,1744,4005
absolute (authors),4,0.0012413734793573891,0.0009471710493457947,0.0002942024300115944,0.14869341297084954,1738,3994
absolute (authors),5,0.0011912836788416968,0.0008563226590093385,0.00033496101983235835,0.15549938799703356,1731,3984
normalized,1,0.0011143435662424378,0.0011450202665491387,-3.0676700306700964e-05,-0.016488220884567174,1731,3995
normalized,2,0.0011155017710461881,0.001017752506646614,9.774926439957412e-05,0.04770744869246907,1749,4018
normalized,3,0.0010930754589128155,0.0008957564449236033,0.00019731901398921219,0.08891311704594557,1744,4005
normalized,4,0.0010878995468036486,0.0007780915506034846,0.00030980799620016397,0.13221785384589363,1738,3994
normalized,5,0.0010695497734348964,0.0006681230676803265,0.0004014267057545699,0.162630990185497,1731,3984
