strategy,seq,ate,ate_all,failures,tracked,pos_reward,norm_reward,mean_err,frac_positive,kf_penalty
SVO rules,360,0.19169169754951848,0.16759269851137765,1,0.9679389312977099,0.0018250431317776874,-0.0008894397778488019,0.017495686822231273,1.0,0.0
SVO rules,desk,0.633632147194936,0.633632147194936,0,0.9950980392156863,0.0018188210724770597,-0.00020165432081399717,0.018117892752294047,1.0,0.0
SVO rules,desk2,0.8799058992291475,0.8799058992291475,0,0.9968701095461658,0.0018233350900573617,-5.2474976299787636e-05,0.017666490994263852,1.0,0.0
SVO rules,floor,0.4442026194504777,0.4070737931688184,2,0.9637389202256245,0.0017238842234070695,0.0009707927931987602,0.03299473816776989,0.9752679307502061,0.0
SVO rules,plant,0.2518866388355657,0.2518866388355657,0,0.9964912280701754,0.0018749690882793135,0.00047270710687549337,0.012503091172068659,1.0,0.0
SVO rules,room,0.823141841339169,0.823141841339169,0,0.9977957384276267,0.0018558336870748942,-7.725333040398912e-05,0.014416631292510588,1.0,0.0
SVO rules,rpy,0.05355607506353553,0.05355607506353553,0,0.9971910112359551,0.0019206698075673696,0.0009133961513473911,0.007933019243263045,1.0,0.0
SVO rules,teddy,0.7756537489920992,0.7756537489920992,0,0.9908321579689704,0.0018054375159642325,-0.0008468720629854126,0.019456248403576737,1.0,0.0
SVO rules,xyz,0.07414438737820475,0.07414438737820475,0,0.9912170639899623,0.0018889246438128615,0.000416879666064035,0.011107535618713863,1.0,0.0
p_kf=0.05,360,0.010837963949816391,0.03907851802099123,20,0.5465648854961832,0.0015173718678381768,-0.0039509882297796535,0.04826281321618235,1.0,-5.027932960893855e-06
p_kf=0.05,desk,0.005275656237111442,0.028074502793235444,8,0.7875816993464052,0.0014261796473391843,-0.0015747171011049601,0.05738203526608157,0.9105839416058394,-4.979253112033195e-06
p_kf=0.05,desk2,0.07332143996362617,0.031651106879875573,14,0.6666666666666666,0.0011094900114485664,-0.002166591807123251,0.08905099885514339,0.8536121673003803,-4.929577464788732e-06
p_kf=0.05,floor,0.007970096065371,0.1926275074960051,12,0.83883964544722,0.001425909791579757,7.490475500121785e-05,0.06395257122892477,0.899736147757256,-5.955811719500481e-06
p_kf=0.05,plant,0.008326348220322083,0.02883529956792735,13,0.8105263157894737,0.001528325234123291,-0.0007924354239891724,0.04716747658767091,0.9114173228346457,-4.653679653679654e-06
p_kf=0.05,room,0.03579583886972109,0.04136305173994995,20,0.783982365907421,0.001489252619620067,-0.001419598762121181,0.05267353217888037,0.9210097719869706,-5.342080599812558e-06
p_kf=0.05,rpy,0.009125128855327014,0.03198737433755482,8,0.8426966292134831,0.0018672217563481227,0.00012219536239346787,0.013277824365187771,1.0,-5.666666666666667e-06
p_kf=0.05,teddy,0.09632190885624994,0.09512393952623328,18,0.7954866008462623,0.0015799840379385794,-0.0017288932410119775,0.04200159620614207,0.9533386967015286,-5.053191489361702e-06
p_kf=0.05,xyz,0.02471934074282265,0.03430415243771766,6,0.8682559598494354,0.00166159132510752,-0.00045931651276177697,0.033840867489248014,0.9432432432432433,-3.468208092485549e-06
p_kf=0.1,360,0.0052907196639213035,0.0742704719524326,15,0.6610687022900763,0.0015956712216217187,-0.0029727730574842745,0.040432877837828146,0.9963302752293578,-1.0623556581986144e-05
p_kf=0.1,desk,0.1106767171624172,0.07047268829446911,3,0.9215686274509803,0.0016618564362409264,-0.0005336985968268921,0.03381435637590738,0.9658703071672355,-1.2588652482269504e-05
p_kf=0.1,desk2,0.002308530934631715,0.07809142692043447,10,0.7527386541471048,0.0013812940944347208,-0.0014037627233672231,0.06187059055652791,0.898936170212766,-1.0187110187110188e-05
p_kf=0.1,floor,0.042178401245141564,0.16625785724403142,11,0.8122481869460113,0.0014997838416453764,0.00013535571661667681,0.05654035169050488,0.907103825136612,-9.424603174603175e-06
p_kf=0.1,plant,0.010372070957018942,0.04320733096364329,9,0.8710526315789474,0.0015750723997767764,-0.0005177695403814409,0.042492760022322384,0.9429906542056075,-9.566968781470292e-06
p_kf=0.1,room,0.0029018491594760914,0.0547010748097279,20,0.7707567964731815,0.001466801103312047,-0.0015393955445209772,0.056251433479798996,0.9259259259259259,-9.628217349857008e-06
p_kf=0.1,rpy,0.008641394263274128,0.04099493167940893,5,0.8876404494382022,0.0019090284676628296,0.0006805693532565856,0.009097153233717074,1.0,-1.0759493670886076e-05
p_kf=0.1,teddy,0.027129996439226964,0.056521515248398234,15,0.8208744710860366,0.0016638886921006809,-0.0015017916870065922,0.03426410054233677,0.9764705882352941,-9.793814432989691e-06
p_kf=0.1,xyz,0.06559609776858644,0.06339688329084564,2,0.9510664993726474,0.001835174197725257,2.2477002318904444e-06,0.016482580227474324,0.9922279792746114,-1.1213720316622692e-05
p_kf=0.2,360,0.0052907196639213035,0.10618269071001937,11,0.7236641221374046,0.0016087191815910137,-0.0027821112328928603,0.03912808184089865,0.9896729776247849,-1.7721518987341772e-05
p_kf=0.2,desk,0.20090833751924816,0.12195314199179877,1,0.9722222222222222,0.00176870477524261,-0.0002516939532036234,0.023129522475739014,0.9850249584026622,-1.9327731092436976e-05
p_kf=0.2,desk2,0.8434492605952656,0.7071793764459064,2,0.9358372456964006,0.0016969703678027949,-0.0007656042360192938,0.032119286910043794,0.9887459807073955,-2.2240802675585284e-05
p_kf=0.2,floor,0.3925596035278536,0.3517510112504386,5,0.9218372280419017,0.0016365339199647822,0.0006886224117544649,0.041615431054094314,0.9488683989941324,-2.0192307692307694e-05
p_kf=0.2,plant,0.43125413325634926,0.43125413325634926,0,0.9964912280701754,0.001873832441056847,0.00047232014614962905,0.01261675589431528,1.0,-2.068661971830986e-05
p_kf=0.2,room,0.39063693178253184,0.33078122147655664,4,0.9544452608376194,0.0018146523653582724,-0.00032207470315644403,0.018534763464172783,0.9910112359550561,-2.1862971516551196e-05
p_kf=0.2,rpy,0.05976236239728093,0.05976236239728093,0,0.9971910112359551,0.0019202783745055655,0.0009063521088484694,0.007972162549443447,1.0,-1.943661971830986e-05
p_kf=0.2,teddy,0.17423268267047007,0.14945865111873508,3,0.9548660084626234,0.0017857544323351497,-0.0008473901238099433,0.02142455676648505,0.9934971098265896,-2.0974889217134417e-05
p_kf=0.2,xyz,0.15061513693609188,0.15061513693609188,0,0.9887076537013801,0.0018762220062876456,0.00017627284003846934,0.012377799371235452,1.0,-2.017766497461929e-05
p_kf=0.3,360,0.09179758720606032,0.13862881980682085,2,0.932824427480916,0.0017865355501200096,-0.0013090167058710516,0.021346444987999078,0.9968503937007874,-2.8968903436988544e-05
p_kf=0.3,desk,0.48912339433668794,0.2950724165726013,3,0.8970588235294118,0.0017173747529683392,-0.0008395723296654955,0.02826252470316611,0.9808695652173913,-2.9508196721311478e-05
p_kf=0.3,desk2,0.0345060645685496,0.16317160246183504,3,0.92018779342723,0.001738608683151545,-0.0004622295737907088,0.02613913168484553,0.9741518578352181,-2.5510204081632654e-05
p_kf=0.3,floor,0.5831633170233079,0.5271758740446769,3,0.934730056406124,0.001677353089623,0.0008710692904481627,0.038725246357786874,0.9658617818484596,-3.060344827586207e-05
p_kf=0.3,plant,0.37714341928439193,0.37714341928439193,0,0.9964912280701754,0.0018707534782129356,0.00042467431826549945,0.012924652178706466,1.0,-3.1866197183098594e-05
p_kf=0.3,room,0.46781113068815205,0.36835944668228837,5,0.9485672299779574,0.001836520994463667,-0.00026534115010989933,0.016347900553633332,1.0,-3.005422153369481e-05
p_kf=0.3,rpy,0.0595063629752668,0.0595063629752668,0,0.9971910112359551,0.0019189110316386257,0.0008782206327725097,0.008108896836137452,1.0,-2.9014084507042254e-05
p_kf=0.3,teddy,0.3742087135791787,0.3036143064881646,2,0.9569816643159379,0.0017677249000944612,-0.0007992532419572449,0.02489348946042786,0.9934971098265896,-3.1466470154753135e-05
p_kf=0.3,xyz,0.10459676999743643,0.10459676999743643,0,0.9912170639899623,0.0018847566143987212,0.00035057933968237864,0.011524338560127887,1.0,-3.1392405063291144e-05
p_kf=0.5,360,0.18641935102925705,0.16919780158896972,1,0.9679389312977099,0.0018184272352915094,-0.0010129308603547024,0.018157276470849075,1.0,-4.842271293375394e-05
p_kf=0.5,desk,0.6069639511953157,0.6069639511953157,0,0.9950980392156863,0.0018271097585171347,-9.735594030223216e-05,0.017289024148286564,1.0,-4.9589490968801316e-05
p_kf=0.5,desk2,0.8592827096399698,0.8592827096399698,0,0.9968701095461658,0.0018214002101018202,-0.00012322762492597295,0.017859978989818004,1.0,-5.054945054945055e-05
p_kf=0.5,floor,0.5063234129872246,0.46016178065184654,4,0.935535858178888,0.0016868711160951061,0.0009751111771753106,0.03717940957141038,0.964735516372796,-4.9009474590869944e-05
p_kf=0.5,plant,0.2170934606609606,0.2170934606609606,0,0.9964912280701754,0.0018742275880835413,0.00047065408354857733,0.012577241191645864,1.0,-5.123239436619719e-05
p_kf=0.5,room,0.6079422362381609,0.5305849871844849,2,0.9786921381337252,0.0018471769858004795,-8.591926778764426e-05,0.015282301419952083,0.9970282317979198,-5.075075075075075e-05
p_kf=0.5,rpy,0.03889623394762918,0.0391016541413076,1,0.9747191011235955,0.0019187307230461607,0.0008746144609232106,0.00812692769538395,1.0,-5.1729106628242076e-05
p_kf=0.5,teddy,0.771347337720689,0.771347337720689,0,0.9908321579689704,0.0018108845553633385,-0.0007172487939814564,0.018911544463666205,1.0,-4.953736654804271e-05
p_kf=0.5,xyz,0.15199268950859882,0.15199268950859882,0,0.9912170639899623,0.0018871460448570173,0.00039654637522953354,0.011285395514298297,1.0,-5.0126582278481014e-05
p_kf=1.0,360,0.18843274159988932,0.18843274159988932,0,0.9877862595419847,0.0018359726577823411,-0.0007198680235488178,0.016402734221765924,1.0,-0.0001
p_kf=1.0,desk,0.5709289435398645,0.5709289435398645,0,0.9950980392156863,0.0018243914656138587,-0.0001408366090075812,0.017560853438614153,1.0,-0.0001
p_kf=1.0,desk2,0.8532703865687646,0.8532703865687646,0,0.9968701095461658,0.0018275150702426104,-5.1605141708510735e-05,0.017248492975738966,1.0,-0.0001
p_kf=1.0,floor,0.46518076563346716,0.43081382422507675,2,0.9645447219983884,0.0017383253815662048,0.001182629078694099,0.031848315160906214,0.9760923330585326,-0.0001
p_kf=1.0,plant,0.4606487416511481,0.4606487416511481,0,0.9964912280701754,0.0018668181835076014,0.00037622862596570076,0.013318181649239863,0.9991181657848325,-0.0001
p_kf=1.0,room,0.9126831184478147,0.9126831184478147,0,0.9977957384276267,0.001867597476296968,0.0001420369908193345,0.013240252370303204,0.9992625368731564,-0.0001
p_kf=1.0,rpy,0.05651776849842963,0.05651776849842963,0,0.9971910112359551,0.001923548866530954,0.0009709773306190791,0.007645113346904605,1.0,-0.0001
p_kf=1.0,teddy,0.8261253654330475,0.8261253654330475,0,0.9908321579689704,0.001807893742007015,-0.0007730802961856568,0.019210625799298525,1.0,-0.0001
p_kf=1.0,xyz,0.15643803697437839,0.15643803697437839,0,0.9912170639899623,0.0018873820417112006,0.00041142632875366156,0.011261795828879964,1.0,-0.0001
