config,kfselect_min_disparity,kfselect_min_angle,kfselect_min_dist_metric,quality_min_fts,finished,fails,ate_fixed,kf_rate,ms_step
c08,60,8,0.1,25,7,4.0,0.5706434224107579,0.29672355336803957,1.41836214490944
c10,60,8,0.2,25,7,4.0,0.5706434224107579,0.29672355336803957,1.418988422413575
c06,30,15,0.2,25,7,3.0,0.5730607771615204,0.2972527876430525,1.4199500100913358
c12,60,15,0.1,25,7,3.0,0.5730607771615204,0.2955941225324896,1.41881912285893
c14,60,15,0.2,25,7,3.0,0.5730607771615204,0.2955941225324896,1.4208787749381055
c04,30,15,0.1,25,7,4.0,0.5730607771615204,0.29559893865969566,1.4154289850251063
c00,30,8,0.1,25,7,3.0,0.579599120502725,0.29944286918770835,1.436971387462449
c02,30,8,0.2,25,7,4.0,0.579599120502725,0.3001973172665712,1.4231267471272486
c09,60,8,0.1,40,6,5.0,0.5706434224107579,0.2974754904648753,1.416690814618096
c11,60,8,0.2,40,6,5.0,0.5706434224107579,0.2974754904648753,1.4159909108266142
default,60,15,0.2,40,6,4.0,0.5730607771615204,0.29570548735781965,1.4444290967316875
c07,30,15,0.2,40,6,4.0,0.5730607771615204,0.29586490071665916,1.4212503162015846
c13,60,15,0.1,40,6,4.0,0.5730607771615204,0.29570548735781965,1.4251877613504647
c15,60,15,0.2,40,6,4.0,0.5730607771615204,0.29570548735781965,1.5068595954522936
c05,30,15,0.1,40,6,5.0,0.5730607771615204,0.29421105173330236,1.4237803976738386
c01,30,8,0.1,40,6,4.0,0.579599120502725,0.2989749573006359,1.4281078688995046
c03,30,8,0.2,40,6,5.0,0.579599120502725,0.2997294053794987,1.4211983722975539
