variant,ate_m,ate_median_m,ate_coverage,tracked,failures_per_traj,keyframe_rate,train_reward,train_valid,train_fail_per_1k,steps,minutes,d_ate_%,d_tracked_pts
heuristic (SVO rules),4.834924633181234,1.6658192064574513,0.7095214077598572,0.9295588609433779,0.6666666666666666,0.3602668485895662,,,,,,14.355773993654864,-0.7790293388845182
baseline,4.227967215236114,0.5411490084900766,0.7098210644445827,0.9373491543322231,0.3333333333333333,1.0,0.0009740031673572,0.8133333333333334,8.666666666666666,21000.0,0.8398620009422303,0.0,0.0
augment,4.2591308184937695,0.953078362508458,0.6866208979859892,0.9055650208626965,2.0,0.3875828312710343,0.0008301208727061,0.8113333333333334,7.333333333333333,21000.0,1.5115862727165224,0.7370824245124925,-3.1784133469526576
critic_horizon_5,6.999068208662581,6.133547226771506,0.8875023719011711,0.9371278400659652,0.3333333333333333,0.6506837573456994,0.0009117674781009,0.757,12.0,21000.0,0.7935801188151042,65.54215897040046,-0.02213142662579326
extra_obs,0.17375576941279025,0.0281110319490525,0.06427066556754636,0.31728519680220524,31.0,0.0,0.0005962770665064,0.606,27.0,21000.0,0.5901174982388814,-95.89032363385802,-62.00639575300178
failure_penalty,2.2591200141965047,2.1228498558813156,0.5323754160071239,0.8623795774719595,4.666666666666667,0.40605554888854417,0.0005793347372673,0.7593333333333333,15.333333333333334,21000.0,0.7462884465853372,-46.56722961201243,-7.496957686026362
frame_stack_3,0.4348503345784662,0.0254208490173013,0.12211471090083033,0.37006730587777364,28.0,0.0971172334991835,0.0008310470730066,0.625,19.333333333333332,21000.0,0.5886439283688863,-89.71490760355431,-56.72818484544495
gamma_0.9,4.8355856863775655,0.0297765316921235,0.2091255817707772,0.41788844940430997,12.666666666666666,0.0,0.0008709424873813,0.7253333333333334,14.0,21000.0,0.6764690001805623,14.371409242526937,-51.94607049279132
gamma_0.99,1.3131129324321955,0.0309081760117953,0.2185948838881445,0.4271945223557771,25.333333333333332,0.05329126799805923,0.000619544822257,0.6243333333333333,23.333333333333332,21000.0,0.6236409147580464,-68.94221583128184,-51.01546319764461
keyframe_paper,4.305765754217018,0.0284614220690832,0.16907219253304326,0.370573854034484,17.666666666666668,0.0,8.191587403416634e-05,0.7253333333333334,13.0,21000.0,0.6555617332458497,1.840093241512026,-56.67753002977391
normalized_error,3.9421168765823893,0.9416221026472512,0.5462724527899689,0.7787356542251578,6.666666666666667,0.32842146786111504,0.0007303531747311,0.7243333333333334,16.0,21000.0,0.732332452138265,-6.760940284106745,-15.861350010706532
rotation_reward,3.237623560281664,0.433609218927507,0.7080221766906388,0.9336776074022494,0.3333333333333333,0.9869488076212933,-0.0001620193070266,0.7576666666666667,14.0,21000.0,0.7894418199857076,-23.423636100715214,-0.36715469299737347
threshold_action,0.7452767474843293,0.0281110319490525,0.07399793167988127,0.3867659658028524,27.0,0.05888291575184263,0.0009650646825321,0.7696666666666667,19.0,21000.0,0.6358449021975199,-82.37269331704815,-55.05831885293707
